audit_module	declaration
Math115	OAI.ContingencyTables.IntegerWeightedTransport.leafEnergySum_le_graphEnergy
Math115	OAI.ContingencyTables.IntegerWeightedTransport.integer_root_graph_transport
Math115	OAI.ContingencyTables.IntegerWeightedTransport.weightedFuture_upper_quadratic
Math115	OAI.ContingencyTables.IntegerWeightedTransport.weightedFuture_upper_quarter
Math115	OAI.ContingencyTables.IntegerWeightedTransport.correctionKernel_upper_quarter
Math115	OAI.ContingencyTables.IntegerWeightedTransport.recursive_root_potential_quarter
Math115	OAI.ContingencyTables.IntegerWeightedTransport.integer_root_leaf_transport_quarter
Math115	OAI.ContingencyTables.IntegerWeightedTransport.integer_root_graph_transport_quarter
Math115	OAI.ContingencyTables.IntegerWeightedTransport.recursive_root_potential_widths
Math115	OAI.ContingencyTables.IntegerWeightedTransport.integer_root_leaf_transport_widths
Math115	Math115.GlobalDisplayOwnership.edge_owner_unique_upstream
Math115	Math115.SmallEntrySwitching.all_donor_incidence_bound
Math115	Math115.SmallEntrySwitching.donor_capacity_sum_lower
Math115	Math115.SmallEntrySwitching.donor_capacity_sum_lower_of_margins
Math115	Math115.SmallEntrySwitching.all_donor_small_entry_count_refined
Math115	Math115.SmallEntrySwitching.all_donor_small_entry_count
Math115	Math115.SmallEntrySwitching.all_donor_small_entry_probability_refined
Math115	Math115.SmallEntrySwitching.all_donor_small_entry_probability
Math115	Math115.SmallEntryTail.shiftEquiv
Math115	Math115.SmallEntryTail.shiftPositiveEquiv
Math115	Math115.SmallEntryTail.survival_step
Math115	Math115.SmallEntryTail.survival_step_real
Math115	Math115.SmallEntryTail.small_card_add_survival
Math115	Math115.SmallEntryTail.all_donor_small_entry_count_strong
Math115	Math115.SmallEntryTail.all_donor_small_entry_probability_strong
Math115	Math115.SmallEntryTail.all_donor_survival_product_count
Math115	Math115.SmallEntryTail.all_donor_small_entry_probability_product
Math115	Math115.SmallEntryTail.survival_sum_le_entry_sum
Math115	Math115.SmallEntryTail.all_donor_entry_sum_lower
Math115	Math115.SmallEntryTail.all_donor_entry_mean_lower
Math115	Math115.SurvivalAlgebra.nat_lower_tail_linear_bound
Math115	Math115.SurvivalAlgebra.nat_survival_product_bound
Math115	Math115.SurvivalAlgebra.nat_mean_tail_sum_bound
Math115	Math115.DenseScaleConditions.width_bounds
Math115	Math115.proposed_dense_scales
Math115	Math115.proposed_padding_scales
Math115	Math115.sharper_enlarged_margin_padding_scales
Math115	Math115.shape_aware_linear_tail_budget
Math115	Math115.shape_aware_linear_unpadding_error_le_half
Math115	Math115.PaddedMarginBridge.marked_incident_margins
Math115	Math115.PaddedMarginBridge.large_padding_good_card
Math115	Math115.PaddedMarginBridge.enlarged_bad_count
Math115	Math115.PaddedMarginBridge.sharper_padded_count_le_twice_original
Math115	Math115.PaddedMarginBridge.enlarged_bad_count_strong
Math115	Math115.PaddedMarginBridge.shape_aware_padded_count_le_twice_original
Math115	Math115.PhysicalLeafEnergy.leafEnergySum_eq_physicalLeafEnergy
Math115	Math115.PhysicalLeafEnergy.physicalLeafEnergy_tendsto
Math115	Math115.PhysicalLeafEnergy.leafEnergySum_truncate_eq
Math115	Math115.PhysicalLeafEnergy.physicalLeafEdges_subset
Math115	Math115.PhysicalLeafEnergy.physicalLeafEdges_owner_unique
Math115	Math115.PhysicalLeafEnergy.owner_unique
Math115	Math115.PhysicalLeafEnergy.ownerEdges_pairwiseDisjoint
Math115	Math115.PhysicalLeafEnergy.sum_ownerEnergy_le_physicalEnergy
Math115	Math115.PhysicalLeafEnergy.sum_ownerEnergy_hardMarginal_le
Math115	Math115.PhysicalLeafEnergy.leafEnergySum_tendsto
Math115	Math115.PhysicalLeafEnergy.integer_root_leaf_transport_quarter_limit
Math115	Math115.PhysicalLeafEnergy.integer_box_root_leaf_transport_quarter_limit
Math115	Math115.PhysicalLeafEnergy.context_box_leaf_transport_quarter
Math115	Math115.PhysicalLeafEnergy.repaired_root_transport_quarter
Math115	Math115.PhysicalLeafEnergy.adjacent_physical_leaf_transport_quarter
Math115	Math115.PhysicalLeafEnergy.ownerContrast_le_ownerEnergy
Math115	Math115.PhysicalLeafEnergy.sum_ownerContrast_le_physicalEnergy
Math115	Math115.PathDistanceSum.sum_values_eq_triangle
Math115	Math115.PathDistanceSum.sum_dist_eq_two_triangles
Math115	Math115.PathDistanceSum.sum_dist_eq_triangle_sub
Math115	Math115.PathDistanceSum.sum_dist_le_triangle
Math115	Math115.PathVariance.pathEnergy_nonneg
Math115	Math115.PathVariance.weighted_pair_path_bound
Math115	Math115.PathVariance.centered_at_mode_term
Math115	Math115.PathVariance.weighted_path_variance_mode
Math115	Math115.PathVariance.weighted_path_variance_mode_sharp
Math115	Math115.PathVariance.weighted_path_variance_bound
Math115	Math115.PathVariance.weighted_path_variance_of_adjacent
Math115	Math115.PathVariance.child_variance_path_bound
Math115	Math115.PathVariance.child_variance_limit_path_bound
Math115	Math115.PhysicalExposureVariance.variance_eq_sum_prefixContribution
Math115	Math115.PhysicalExposureVariance.canonical_context_variance_le_contrasts
Math115	Math115.PhysicalExposureVariance.canonical_eliminate_eq_word_fibre
Math115	Math115.PhysicalExposureVariance.word_context_variance_le_ownerContrasts
Math115	Math115.PhysicalExposureVariance.prefixContribution_le_ownerContrasts
Math115	Math115.PhysicalExposureVariance.variance_le_sum_ownerContrasts
Math115	Math115.PhysicalExposureVariance.physical_transversal_variance_localized
Math115	Math115.PhysicalFullVariance.physical_full_variance_localized
Math115	Math115.PhysicalFullVariance.physical_variance_localized
Math115	Math115.PaddingGrowthAlgebra.envelope_eq
Math115	Math115.PaddingGrowthAlgebra.envelope_step
Math115	Math115.PaddingGrowthAlgebra.one_add_pow_le_envelope
Math115	Math115.PaddingGrowthAlgebra.envelope_32_div_47
Math115	Math115.PaddingGrowthAlgebra.envelope_le_10147_div_5123
Math115	Math115.PaddingGrowthAlgebra.one_add_pow_le_10147_div_5123
Math115	Math115.PaddingGrowthAlgebra.one_add_pow_lt_two
Math115	Math115.PaddingGrowthAlgebra.count_le_twice_of_growth
Math115	Math115.PaddingGrowth.one_unit_count_growth
Math115	Math115.PaddingGrowth.one_cell_count_growth
Math115	Math115.PaddingGrowth.largePadding_insert
Math115	Math115.PaddingGrowth.paddedRows_insert
Math115	Math115.PaddingGrowth.paddedColumns_insert
Math115	Math115.PaddingGrowth.large_padding_count_growth
Math115	Math115.PaddingGrowth.large_padding_count_eq_of_zero_donors
Math115	Math115.PaddingGrowth.sequential_scale_budget
Math115	Math115.PaddingGrowth.sequential_padded_count_le_twice_original
Math115	Math115.PaddingGrowth.sequential_shape_scale_budget
Math115	Math115.PaddingGrowth.sequential_shape_padded_count_le_twice_original
Math115	Math115.CompletionAdjustment.elementary_star_bounds
Math115	Math115.CompletionAdjustment.elementary_star_reverse_bounds
Math115	Math115.CompletionAdjustment.exchange_selected_sum_abs_le_one
Math115	Math115.CompletionAdjustment.exchange_residual_margins_one
Math115	Math115.CompletionAdjustment.exchange_reference_adjustment_bounds
Math115	Math115.CompletionAdjustment.repair_residual_formula
Math115	Math115.CompletionAdjustment.repair_reference_adjustment_bounds
Math115	Math115.CompletionAdjustment.row_major_repair_conditional
Math115	Math115.CompletionAdjustment.repaired_profile_prefix
Math115	Math115.CompletionAdjustment.translation_rejection_iff
Math115	Math115.CompletionAdjustment.singleton_translation_nonnegative
Math115	Math115.CompletionAdjustment.empty_rectangle_card_one
Math115	Math115.CompletionAdjustment.physical_empty_completion_weight
Math115	Math115.CompletionAdjustment.repair_reference_elementary
Math115	Math115.CompletionAdjustment.repair_reverse_reference_adjustment_bounds
Math115	Math115.ReferenceEdgeAcceptance.zero_entry_count
Math115	Math115.ReferenceEdgeAcceptance.rejected_card_eq_zero_union
Math115	Math115.ReferenceEdgeAcceptance.rejected_count
Math115	Math115.ReferenceEdgeAcceptance.rejected_count_le_two
Math115	Math115.ReferenceEdgeAcceptance.rejected_add_accepted
Math115	Math115.ReferenceEdgeAcceptance.rejection_probability_le
Math115	Math115.ReferenceEdgeAcceptance.accepted_half_count
Math115	Math115.ReferenceEdgeAcceptance.betweenAcceptedEquiv
Math115	Math115.ReferenceEdgeAcceptance.singleton_between_accepted_card
Math115	Math115.ReferenceEdgeAcceptance.between_accepted_half_count
Math115	Math115.ReferenceEdgeAcceptance.designated_repair_adjustment_bounds
Math115	Math115.ReferenceEdgeAcceptance.physical_reference_adjustment_bounds
Math115	Math115.ReferenceEdgeAcceptance.reference_edge_acceptance_reduced
Math115	Math115.SmallChainGap.fullConstant_le_polynomial
Math115	Math115.SmallChainGap.smallProposal_localized_budget
Math115	Math115.SmallChainGap.chain_poincare_localized
Math115	Math115.SmallChainGap.paper_state_variance_localized
Math115	Math115.SmallChainGap.paperSmallChain_poincare_exact
Math115	Math115.SmallChainGap.paperSmallChain_poincare_d85
Math115	Math115.SmallChainGap.unitSmallChain_poincare_exact
Math115	Math115.SmallChainGap.unitSmallChain_poincare_d85
Math115	Math115.ReducedSmallChain.chain
Math115	Math115.ReducedSmallChain.chain_pi
Math115	Math115.ReducedSmallChain.state_variance_localized
Math115	Math115.ReducedSmallChain.nonreference_product_le_allowance
Math115	Math115.ReducedSmallChain.chain_energy_lower
Math115	Math115.ReducedSmallChain.chain_poincare_exact
Math115	Math115.ReducedSmallChain.chain_poincare_polynomial
Math115	Math115.ReducedSmallChain.reducedChain
Math115	Math115.ReducedSmallChain.reducedChain_poincare_d25
Math115	Math115.ReducedAllSmallChain.unitChain
Math115	Math115.ReducedAllSmallChain.weight_eq_one
Math115	Math115.ReducedAllSmallChain.unitChain_pi
Math115	Math115.ReducedAllSmallChain.unitChain_pi_weight
Math115	Math115.ReducedAllSmallChain.graphEnergy_empty
Math115	Math115.ReducedAllSmallChain.unitChain_energy
Math115	Math115.ReducedAllSmallChain.unitChain_poincare_exact
Math115	Math115.ReducedAllSmallChain.unitChain_poincare_polynomial
Math115	Math115.ReducedAllSmallChain.missing_reference_empty
Math115	Math115.ReducedAllSmallChain.selectedChain
Math115	Math115.ReducedAllSmallChain.selectedChain_pi
Math115	Math115.ReducedAllSmallChain.selectedChain_poincare_exact
Math115	Math115.ReducedAllSmallChain.selectedChain_poincare_polynomial
Math115	Math115.ReducedAllSmallChain.reducedUnitChain
Math115	Math115.ReducedAllSmallChain.reducedUnitChain_poincare_d25
Math115	Math115.ReducedAllSmallChain.reducedSelectedChain
Math115	Math115.ReducedAllSmallChain.reducedSelectedChain_poincare_d25
Math115	Math115.RepairVarianceRefinement.square_repair_young
Math115	Math115.RepairVarianceRefinement.repair_sqrt_coefficient_nonnegative
Math115	Math115.RepairVarianceRefinement.repair_sqrt_coefficient_le_source
Math115	Math115.RepairVarianceRefinement.repair_sqrt_coefficient_le_triangle
Math115	Math115.RepairVarianceRefinement.variance_sum_repair_young
Math115	Math115.RepairVarianceRefinement.variance_sum_repair_sqrt
Math115	Math115.RepairVarianceRefinement.variance_repaired_energy_sqrt
Math115	Math115.PhysicalStateNonempty.paddedTable
Math115	Math115.PhysicalStateNonempty.small_entry_le
Math115	Math115.PhysicalStateNonempty.states_nonempty_of_table
Math115	Math115.PhysicalStateNonempty.states_nonempty
Math115	Math115.PhysicalStateNonempty.feasibleReducedChain
Math115	Math115.PhysicalStateNonempty.feasibleReducedChain_pi
Math115	Math115.PhysicalStateNonempty.feasibleReducedChain_poincare_d25
Math115	Math115.IdealOracleScales.idealL
Math115	Math115.IdealOracleScales.idealU
Math115	Math115.IdealOracleScales.threshold_at_least_two
Math115	Math115.IdealOracleScales.padding_at_least_three_dimension
Math115	Math115.IdealOracleScales.threshold_at_least_twice_padding
Math115	Math115.IdealOracleScales.sequential_scale_budget
Math115	Math115.IdealOracleScales.padded_count_le_twice_original
Math115	Math115.IdealOracleScales.padded_count_le_twice_successful
Math115	Math115.IdealOracleScales.dense_padding_lower_bound
Math115	Math115.IdealOracleScales.incompatible_dense_scales
Math115	Math115.IdealOracleScales.dimension_at_least_eleven
Math115	Math115.IdealOracleScales.cutoff
Math115	Math115.IdealOracleScales.padding
Math115	Math115.IdealOracleScales.IdealStates
Math115	Math115.IdealOracleScales.idealLarge
Math115	Math115.IdealOracleScales.ideal_large_padded_count_le_twice_original
Math115	Math115.IdealOracleScales.referenceChain
Math115	Math115.IdealOracleScales.referenceChain_poincare_d17
Math115	Math115.IdealOracleScales.selectedChain
Math115	Math115.IdealOracleScales.selectedChain_poincare_d17
Math115	Math115.IdealOracleScales.feasibleChain
Math115	Math115.IdealOracleScales.feasibleChain_poincare_d17
Math115	Math115.PhysicalRepairRefinement.refinedConstant
Math115	Math115.PhysicalRepairRefinement.refinedConstant_nonnegative
Math115	Math115.PhysicalRepairRefinement.refinedConstant_le_fullConstant
Math115	Math115.PhysicalRepairRefinement.sqrt_coefficient_le_young
Math115	Math115.PhysicalRepairRefinement.refinedConstant_le_polynomial
Math115	Math115.PhysicalRepairRefinement.refinedProposal_budget
Math115	Math115.PhysicalRepairRefinement.refinedReferenceProposal_budget
Math115	Math115.PhysicalRepairRefinement.physical_full_variance_refined
Math115	Math115.PhysicalRepairRefinement.physical_variance_refined
Math115	Math115.PhysicalRepairRefinement.state_variance_refined
Math115	Math115.PhysicalRepairRefinement.chain_poincare_exact_refined
Math115	Math115.PhysicalRepairRefinement.unitChain_poincare_exact_refined
Math115	Math115.PhysicalRepairRefinement.selectedChain_poincare_exact_refined
Math115	Math115.PhysicalRepairRefinement.dimension_at_least_eleven
Math115	Math115.PhysicalRepairRefinement.chain_poincare_polynomial_refined
Math115	Math115.PhysicalRepairRefinement.unitChain_poincare_polynomial_refined
Math115	Math115.PhysicalRepairRefinement.selectedChain_poincare_polynomial_refined
Math115	Math115.IdealRepairRefinement.referenceChain_poincare_d17_refined
Math115	Math115.IdealRepairRefinement.selectedChain_poincare_d17_refined
Math115	Math115.IdealRepairRefinement.feasibleChain_poincare_d17_refined
Math115	Math115.IdealRepairRefinement.unitChain_poincare_d17_refined
Math115	Math115.ReducedRepairRefinement.reducedChain_poincare_d25_refined
Math115	Math115.ReducedRepairRefinement.reducedUnitChain_poincare_d25_refined
Math115	Math115.ReducedRepairRefinement.reducedSelectedChain_poincare_d25_refined
Math115	Math115.ReducedRepairRefinement.feasibleReducedChain_poincare_d25_refined
Math115	Math115.PhysicalStationaryMass.physical_mass_eq_profiles
Math115	Math115.PhysicalStationaryMass.physical_mass_eq_words_defects
Math115	Math115.PhysicalStationaryMass.defect_mass_le_words
Math115	Math115.PhysicalStationaryMass.normalizer
Math115	Math115.PhysicalStationaryMass.normalizer_le_padded_count
Math115	Math115.PhysicalStationaryMass.normalizer_le_original_count
Math115	Math115.PhysicalStationaryMass.normalizer_positive
Math115	Math115.PhysicalStationaryMass.success_ratio_lower
Math115	Math115.PhysicalStationarySuccess.paddedTable_small_rows
Math115	Math115.PhysicalStationarySuccess.paddedTable_small_columns
Math115	Math115.PhysicalStationarySuccess.originalJoint
Math115	Math115.PhysicalStationarySuccess.originalJoint_projection
Math115	Math115.PhysicalStationarySuccess.large_padding_rows
Math115	Math115.PhysicalStationarySuccess.large_padding_columns
Math115	Math115.PhysicalStationarySuccess.large
Math115	Math115.PhysicalStationarySuccess.jointTable
Math115	Math115.PhysicalStationarySuccess.originalSuccessfulJoint
Math115	Math115.PhysicalStationarySuccess.unpadSuccessfulJoint
Math115	Math115.PhysicalStationarySuccess.unpadSuccessfulJoint_val
Math115	Math115.PhysicalStationarySuccess.successfulJointEquiv
Math115	Math115.PhysicalStationarySuccess.stateJointProjection
Math115	Math115.PhysicalStationarySuccess.stateJointProjection_injective
Math115	Math115.PhysicalStationarySuccess.jointState
Math115	Math115.PhysicalStationarySuccess.jointEmbedding
Math115	Math115.PhysicalStationarySuccess.jointEmbedding_injective
Math115	Math115.PhysicalStationarySuccess.jointEmbedding_balanced
Math115	Math115.PhysicalStationarySuccess.balancedJointFromState
Math115	Math115.PhysicalStationarySuccess.balancedJointFromState_projection
Math115	Math115.PhysicalStationarySuccess.embedding_fromState
Math115	Math115.PhysicalStationarySuccess.fromState_embedding
Math115	Math115.PhysicalStationarySuccess.StateJointSuccess
Math115	Math115.PhysicalStationarySuccess.successStateEquiv
Math115	Math115.PhysicalStationarySuccess.originalStateSuccessEquiv
Math115	Math115.PhysicalStationaryLaw.fibre_card_weight
Math115	Math115.PhysicalStationaryLaw.fibreNonempty
Math115	Math115.PhysicalStationaryLaw.stateJoint_card
Math115	Math115.PhysicalStationaryLaw.stationaryRat
Math115	Math115.PhysicalStationaryLaw.stationaryRat_cast
Math115	Math115.PhysicalStationaryLaw.stationaryLaw
Math115	Math115.PhysicalStationaryLaw.jointLaw
Math115	Math115.PhysicalStationaryLaw.jointLaw_uniform
Math115	Math115.PhysicalStationaryLaw.stationary_trial_mass
Math115	Math115.PhysicalStationaryLaw.stationary_trial_mass_real
Math115	Math115.PhysicalStationaryLaw.stationary_failure_mass
Math115	Math115.PhysicalStationaryLaw.stationary_success_probability
Math115	Math115.PhysicalStationaryLaw.stationary_success_lower
Math115	Math115.PhysicalStationaryLaw.stationary_success_probability_lower
Math115	Math115.PhysicalStationaryLaw.stationary_retry_mass
Math115	Math115.PhysicalStationaryLaw.stationary_retry_variation
Math115	Math115.PhysicalStationaryLaw.ideal_padded_count
Math115	Math115.PhysicalStationaryLaw.ideal_stationary_success_lower
Math115	Math115.PhysicalStationaryLaw.ideal_stationary_success_probability_lower
Math115	Math115.PhysicalStationaryLaw.ideal_stationary_retry_variation
Math115	Math115.PhysicalRationalKernel.proposalRat
Math115	Math115.PhysicalRationalKernel.proposalRat_cast
Math115	Math115.PhysicalRationalKernel.lawOfCast
Math115	Math115.PhysicalRationalKernel.referenceMoveRat
Math115	Math115.PhysicalRationalKernel.referenceTransitionRat
Math115	Math115.PhysicalRationalKernel.referenceMoveRat_cast
Math115	Math115.PhysicalRationalKernel.referenceTransitionRat_cast
Math115	Math115.PhysicalRationalKernel.referenceTransitionLaw
Math115	Math115.PhysicalRationalKernel.unitMoveRat
Math115	Math115.PhysicalRationalKernel.unitTransitionRat
Math115	Math115.PhysicalRationalKernel.unitMoveRat_cast
Math115	Math115.PhysicalRationalKernel.unitTransitionRat_cast
Math115	Math115.PhysicalRationalKernel.unitTransitionLaw
Math115	Math115.PhysicalRationalKernel.selectedTransitionLaw
Math115	Math115.PhysicalRationalKernel.selectedTransitionLaw_cast
Math115	Math115.PhysicalRationalKernel.selectedWalkLaw
Math115	Math115.PhysicalRationalKernel.selectedWalkLaw_cast
Math115	Math115.PhysicalFiniteWalk.capacityBound
Math115	Math115.PhysicalFiniteWalk.massAllowance
Math115	Math115.PhysicalFiniteWalk.massAllowance_positive
Math115	Math115.PhysicalFiniteWalk.capacity_le_bound
Math115	Math115.PhysicalFiniteWalk.weight_at_least_one
Math115	Math115.PhysicalFiniteWalk.total_mass_le
Math115	Math115.PhysicalFiniteWalk.selectedChain_pi_lower
Math115	Math115.PhysicalFiniteWalk.selectedWalkLaw_variation
Math115	Math115.PhysicalFiniteWalk.walkJointLaw
Math115	Math115.PhysicalFiniteWalk.walkJointLaw_variation_le
Math115	Math115.PhysicalFiniteWalk.walkJointLaw_variation
Math115	Math115.PhysicalFiniteWalk.outerLaw
Math115	Math115.PhysicalFiniteWalk.outerLaw_variation
Math115	Math115.PhysicalFiniteWalk.initialState
Math115	Math115.PhysicalFiniteWalk.idealGapAllowance
Math115	Math115.PhysicalFiniteWalk.idealGapAllowance_at_least_one
Math115	Math115.PhysicalFiniteWalk.successAllowance
Math115	Math115.PhysicalFiniteWalk.successAllowance_positive
Math115	Math115.PhysicalFiniteWalk.idealOuterLaw
Math115	Math115.PhysicalFiniteWalk.idealOuterLaw_variation
Math115	Math115.PhysicalFiniteWalk.exp_neg_steps_le_inverse
Math115	Math115.PhysicalFiniteWalk.idealOuterLaw_variation_of_log_schedule
Math115	Math115.PhysicalCompletionOracle.mapLaw_constant
Math115	Math115.PhysicalCompletionOracle.completionStep_variation_thinned
Math115	Math115.PhysicalCompletionOracle.equivLaw_uniform
Math115	Math115.PhysicalCompletionOracle.proposalRat_nonnegative
Math115	Math115.PhysicalCompletionOracle.proposalAllowance
Math115	Math115.PhysicalCompletionOracle.proposalAllowance_nonnegative
Math115	Math115.PhysicalCompletionOracle.proposalAllowance_le_half
Math115	Math115.PhysicalCompletionOracle.degree
Math115	Math115.PhysicalCompletionOracle.degree_le
Math115	Math115.PhysicalCompletionOracle.proposalWeight_nonnegative
Math115	Math115.PhysicalCompletionOracle.proposalWeight_total
Math115	Math115.PhysicalCompletionOracle.proposalWeight_total_le_allowance
Math115	Math115.PhysicalCompletionOracle.proposalWeight_total_le_one
Math115	Math115.PhysicalCompletionOracle.physicalProposalLaw
Math115	Math115.PhysicalCompletionOracle.ReferenceTable
Math115	Math115.PhysicalCompletionOracle.referenceTableNonempty
Math115	Math115.PhysicalCompletionOracle.referenceStepLaw
Math115	Math115.PhysicalCompletionOracle.referenceExactStep_eq
Math115	Math115.PhysicalCompletionOracle.referenceStep_variation_local
Math115	Math115.PhysicalCompletionOracle.referenceStep_variation_uniform
Math115	Math115.PhysicalCompletionOracle.referenceFibreMap
Math115	Math115.PhysicalCompletionOracle.referenceCompletionLaw
Math115	Math115.PhysicalCompletionOracle.referenceCompletionLaw_variation
Math115	Math115.PhysicalCompletionOracle.OracleFamily
Math115	Math115.PhysicalCompletionOracle.selectedStepLaw
Math115	Math115.PhysicalCompletionOracle.selectedCompletionLaw
Math115	Math115.PhysicalCompletionOracle.selectedStepLaw_variation
Math115	Math115.PhysicalCompletionOracle.selectedCompletionLaw_variation
Math115	Math115.PhysicalCompletionOracle.empty_fibre_card_one
Math115	Math115.PhysicalApproximateOracle.approximateJointLaw
Math115	Math115.PhysicalApproximateOracle.approximateJointLaw_variation
Math115	Math115.PhysicalApproximateOracle.approximateOuterLaw
Math115	Math115.PhysicalApproximateOracle.approximateOuterLaw_variation_le
Math115	Math115.PhysicalApproximateOracle.approximateOuterLaw_variation
Math115	Math115.PhysicalApproximateOracle.idealOracleOuterLaw
Math115	Math115.PhysicalApproximateOracle.idealOracleOuterLaw_variation
Math115	Math115.PhysicalApproximateOracle.approximateOuterLaw_variation_of_budget
Math115	Math115.LatticeCompletion.Array
Math115	Math115.LatticeCompletion.difference
Math115	Math115.LatticeCompletion.prefixSum
Math115	Math115.LatticeCompletion.ZeroAxes
Math115	Math115.LatticeCompletion.ZeroBoundary
Math115	Math115.LatticeCompletion.BoundedDigits
Math115	Math115.LatticeCompletion.difference_row_sum
Math115	Math115.LatticeCompletion.difference_column_sum
Math115	Math115.LatticeCompletion.difference_row_sum_zero
Math115	Math115.LatticeCompletion.difference_column_sum_zero
Math115	Math115.LatticeCompletion.prefix_zero_axes
Math115	Math115.LatticeCompletion.prefix_difference
Math115	Math115.LatticeCompletion.difference_prefix
Math115	Math115.LatticeCompletion.difference_bounds
Math115	Math115.LatticeCompletion.encode
Math115	Math115.LatticeCompletion.decode
Math115	Math115.LatticeCompletion.residue
Math115	Math115.LatticeCompletion.prefix_encode
Math115	Math115.LatticeCompletion.scaled_digit_ediv
Math115	Math115.LatticeCompletion.scaled_digit_emod
Math115	Math115.LatticeCompletion.decode_encode
Math115	Math115.LatticeCompletion.residue_encode
Math115	Math115.LatticeCompletion.residue_zero_axes
Math115	Math115.LatticeCompletion.residue_bounded
Math115	Math115.LatticeCompletion.encode_decode
Math115	Math115.LatticeCompletion.encode_entry_at_least_two
Math115	Math115.LatticeCompletion.encode_row_margin
Math115	Math115.LatticeCompletion.encode_column_margin
Math115	Math115.LatticeCompletion.residue_zero_boundary_of_divisible_margins
Math115	Math115.LatticeCompletion.decode_row_margin
Math115	Math115.LatticeCompletion.decode_column_margin
Math115	Math115.LatticeCompletion.accepted_fine_entry_at_least_two
Math115	Math115.LatticeCompletion.OffsetDigits
Math115	Math115.LatticeCompletion.codecEquiv
Math115	Math115.LatticeCompletion.FiniteDigits
Math115	Math115.LatticeCompletion.finiteOffsets
Math115	Math115.LatticeCompletion.finiteOffsets_zero_boundary
Math115	Math115.LatticeCompletion.finiteOffsets_bounded
Math115	Math115.LatticeCompletion.finite_encode_decode
Math115	Math115.LatticeCompletion.finiteOffsets_apply
Math115	Math115.LatticeCompletion.finiteOffsets_injective
Math115	Math115.LatticeCompletion.finiteEncode_injective
Math115	Math115.LatticeCompletion.finiteDigits_card
Math115	Math115.LatticeCompletion.encodedFamily_card
Math115	Math115.DilatedCompletionMargins.rowLargeCount_rectangle
Math115	Math115.DilatedCompletionMargins.columnLargeCount_rectangle
Math115	Math115.DilatedCompletionMargins.total_large_cell_count
Math115	Math115.DilatedCompletionMargins.physical_residual_row_lower
Math115	Math115.DilatedCompletionMargins.physical_residual_column_lower
Math115	Math115.DilatedCompletionMargins.reference_row_lower
Math115	Math115.DilatedCompletionMargins.reference_column_lower
Math115	Math115.DilatedCompletionMargins.reference_row_total_eq_residual
Math115	Math115.DilatedCompletionMargins.reference_total_upper
Math115	Math115.DilatedCompletionMargins.fineRows
Math115	Math115.DilatedCompletionMargins.fineColumns
Math115	Math115.DilatedCompletionMargins.FineReferenceTable
Math115	Math115.DilatedCompletionMargins.fine_row_total
Math115	Math115.DilatedCompletionMargins.fine_column_total
Math115	Math115.DilatedCompletionMargins.fine_totals
Math115	Math115.DilatedCompletionMargins.fineReferenceTableNonempty
Math115	Math115.DilatedCompletionMargins.fine_total_upper
Math115	Math115.DilatedCompletionMargins.fine_row_dense_minimum
Math115	Math115.DilatedCompletionMargins.fine_column_dense_minimum
Math115	Math115.DilatedCompletionMargins.ideal_reference_row_geometric_minimum
Math115	Math115.DilatedCompletionMargins.ideal_reference_column_geometric_minimum
Math115	Math115.LatticeCompletionFinite.Grid
Math115	Math115.LatticeCompletionFinite.extend
Math115	Math115.LatticeCompletionFinite.restrict
Math115	Math115.LatticeCompletionFinite.extend_inside
Math115	Math115.LatticeCompletionFinite.extend_outside
Math115	Math115.LatticeCompletionFinite.extend_injective
Math115	Math115.LatticeCompletionFinite.range_sum_extend_row
Math115	Math115.LatticeCompletionFinite.range_sum_extend_column
Math115	Math115.LatticeCompletionFinite.offsets_difference_outside
Math115	Math115.LatticeCompletionFinite.encodeGrid
Math115	Math115.LatticeCompletionFinite.decodeGrid
Math115	Math115.LatticeCompletionFinite.extend_encodeGrid
Math115	Math115.LatticeCompletionFinite.fine_row_divisible
Math115	Math115.LatticeCompletionFinite.fine_column_divisible
Math115	Math115.LatticeCompletionFinite.fine_residue_zero_strips
Math115	Math115.LatticeCompletionFinite.recoveredDigits
Math115	Math115.LatticeCompletionFinite.recoveredDigits_val
Math115	Math115.LatticeCompletionFinite.residue_eq_finiteOffsets
Math115	Math115.LatticeCompletionFinite.extend_decodeGrid
Math115	Math115.LatticeCompletionFinite.decodeGrid_encodeGrid
Math115	Math115.LatticeCompletionFinite.recoveredDigits_encodeGrid
Math115	Math115.LatticeCompletionFinite.encodeGrid_decodeGrid
Math115	Math115.LatticeCompletionFinite.encodeGrid_row
Math115	Math115.LatticeCompletionFinite.encodeGrid_column
Math115	Math115.LatticeCompletionFinite.encodeGrid_nonneg
Math115	Math115.LatticeCompletionFinite.decodeGrid_row
Math115	Math115.LatticeCompletionFinite.decodeGrid_column
Math115	Math115.LatticeCompletionFinite.intGrid
Math115	Math115.LatticeCompletionFinite.natGrid
Math115	Math115.LatticeCompletionFinite.natGrid_intGrid
Math115	Math115.LatticeCompletionFinite.intGrid_natGrid
Math115	Math115.LatticeCompletionFinite.intGrid_row
Math115	Math115.LatticeCompletionFinite.intGrid_column
Math115	Math115.LatticeCompletionFinite.natGrid_hasMargins
Math115	Math115.LatticeCompletionFinite.fineMargin
Math115	Math115.LatticeCompletionFinite.FineTable
Math115	Math115.LatticeCompletionFinite.fineTable_row_divisible
Math115	Math115.LatticeCompletionFinite.fineTable_column_divisible
Math115	Math115.LatticeCompletionFinite.Accepted
Math115	Math115.LatticeCompletionFinite.AcceptedFine
Math115	Math115.LatticeCompletionFinite.encodeTable
Math115	Math115.LatticeCompletionFinite.intGrid_encodeTable
Math115	Math115.LatticeCompletionFinite.encodeTable_accepted
Math115	Math115.LatticeCompletionFinite.encodeAccepted
Math115	Math115.LatticeCompletionFinite.decodeAccepted
Math115	Math115.LatticeCompletionFinite.intGrid_decodeAccepted
Math115	Math115.LatticeCompletionFinite.decodeAccepted_encodeAccepted
Math115	Math115.LatticeCompletionFinite.encodeAccepted_decodeAccepted
Math115	Math115.LatticeCompletionFinite.acceptedEquiv
Math115	Math115.LatticeCompletionFinite.accepted_card
Math115	Math115.LatticeCompletionFinite.fixedFiberEquiv
Math115	Math115.LatticeCompletionFinite.fixedFiber_card
Math115	Math115.LatticeCellVolume.prefixCell
Math115	Math115.LatticeCellVolume.prefixCell_measurable
Math115	Math115.LatticeCellVolume.mem_prefixCell_iff
Math115	Math115.LatticeCellVolume.floor_mul_eq_anchor
Math115	Math115.LatticeCellVolume.prefixCell_disjoint
Math115	Math115.LatticeCellVolume.prefixCell_volume
Math115	Math115.LatticeCellVolume.prefixCells_measurable
Math115	Math115.LatticeCellVolume.prefixCells_pairwiseDisjoint
Math115	Math115.LatticeCellVolume.prefix_lattice_cells_volume
Math115	Math115.LatticeCellVolume.prefix_unit_cells_volume
Math115	Math115.LatticeCellVolume.prefix_lattice_cells_volume_ne_top
Math115	Math115.LatticeCellVolume.prefix_lattice_cells_volume_pos
Math115	Math115.LatticeCellVolume.prefix_lattice_cells_volume_toReal
Math115	Math115.LatticeCellVolume.prefixCell_error
Math115	Math115.LatticeCellVolume.mixed_difference_error
Math115	Math115.LatticeCellVolume.volume_image_translate
Math115	Math115.LatticeCellVolume.volume_image_scale
Math115	Math115.LatticeCellVolume.volume_le_of_translated_subset
Math115	Math115.LatticeCellVolume.volume_le_of_subset_scaled_translate
Math115	Math115.CompletionRetryBudget.uniform_success_mass
Math115	Math115.CompletionRetryBudget.uniform_success_mass_of_card
Math115	Math115.CompletionRetryBudget.failure_nonnegative
Math115	Math115.CompletionRetryBudget.success_nonnegative
Math115	Math115.CompletionRetryBudget.failure_le_one
Math115	Math115.CompletionRetryBudget.equal_success_normalized
Math115	Math115.CompletionRetryBudget.equal_success_retry_mass
Math115	Math115.CompletionRetryBudget.equal_success_retry_variation
Math115	Math115.CompletionRetryBudget.approximate_retry_variation
Math115	Math115.CompletionRetryBudget.approximate_retry_variation_of_success
Math115	Math115.CompletionRetryBudget.dyadic
Math115	Math115.CompletionRetryBudget.retries
Math115	Math115.CompletionRetryBudget.finePrecision
Math115	Math115.CompletionRetryBudget.retries_positive
Math115	Math115.CompletionRetryBudget.dyadic_positive
Math115	Math115.CompletionRetryBudget.dyadic_succ
Math115	Math115.CompletionRetryBudget.dyadic_antitone_step
Math115	Math115.CompletionRetryBudget.geometric_budget
Math115	Math115.CompletionRetryBudget.fine_draw_budget
Math115	Math115.CompletionRetryBudget.retry_budget
Math115	Math115.CompletionRetryBudget.retry_budget_target
Math115	Math115.CompletionRetryBudget.completion_retry_variation_half
Math115	Math115.CompletionRetryBudget.completion_retry_variation
Math115	Math115.LatticeCompletionLaw.trial
Math115	Math115.LatticeCompletionLaw.trial_eq_none
Math115	Math115.LatticeCompletionLaw.successfulFiberEquiv
Math115	Math115.LatticeCompletionLaw.successfulFiber_card
Math115	Math115.LatticeCompletionLaw.fine_nonempty_of_fallback
Math115	Math115.LatticeCompletionLaw.ideal_success_mass
Math115	Math115.LatticeCompletionLaw.ideal_success_probability
Math115	Math115.LatticeCompletionLaw.ideal_retry_mass
Math115	Math115.LatticeCompletionLaw.approximate_retry_bound
Math115	Math115.LatticeCompletionLaw.completion_accuracy_half
Math115	Math115.LatticeCompletionLaw.completion_accuracy
Math115	Math115.PrefixTransportation.Array
Math115	Math115.PrefixTransportation.Matrix
Math115	Math115.PrefixTransportation.Interior
Math115	Math115.PrefixTransportation.difference
Math115	Math115.PrefixTransportation.prefixSum
Math115	Math115.PrefixTransportation.ZeroAxes
Math115	Math115.PrefixTransportation.ZeroBoundary
Math115	Math115.PrefixTransportation.difference_row_sum
Math115	Math115.PrefixTransportation.difference_column_sum
Math115	Math115.PrefixTransportation.difference_row_sum_zero
Math115	Math115.PrefixTransportation.difference_column_sum_zero
Math115	Math115.PrefixTransportation.prefix_zero_axes
Math115	Math115.PrefixTransportation.prefix_difference
Math115	Math115.PrefixTransportation.difference_prefix
Math115	Math115.PrefixTransportation.extend
Math115	Math115.PrefixTransportation.restrict
Math115	Math115.PrefixTransportation.extend_inside
Math115	Math115.PrefixTransportation.extend_outside
Math115	Math115.PrefixTransportation.range_sum_extend_row
Math115	Math115.PrefixTransportation.range_sum_extend_column
Math115	Math115.PrefixTransportation.interiorPrefix
Math115	Math115.PrefixTransportation.interiorPrefix_add
Math115	Math115.PrefixTransportation.interiorPrefix_smul
Math115	Math115.PrefixTransportation.interiorPrefix_injective_of_margins
Math115	Math115.PrefixTransportation.offsets
Math115	Math115.PrefixTransportation.offsets_zero_boundary
Math115	Math115.PrefixTransportation.offsets_apply
Math115	Math115.PrefixTransportation.offsets_difference_outside
Math115	Math115.PrefixTransportation.perturbation
Math115	Math115.PrefixTransportation.extend_perturbation
Math115	Math115.PrefixTransportation.perturbation_rows_zero
Math115	Math115.PrefixTransportation.perturbation_columns_zero
Math115	Math115.PrefixTransportation.interiorPrefix_perturbation
Math115	Math115.PrefixTransportation.offsets_error
Math115	Math115.PrefixTransportation.perturbation_error
Math115	Math115.PrefixTransportation.Feasible
Math115	Math115.PrefixTransportation.PrefixRegion
Math115	Math115.PrefixTransportation.feasible_add
Math115	Math115.PrefixTransportation.feasible_smul
Math115	Math115.PrefixTransportation.feasible_const
Math115	Math115.PrefixTransportation.prefixRegion_translate_subset
Math115	Math115.PrefixTransportation.prefixRegion_volume_mono_of_difference_table
Math115	Math115.PrefixTransportation.prefixRegion_constant_translate_subset
Math115	Math115.PrefixTransportation.exists_feasible_of_nonnegative_equal_total
Math115	Math115.PrefixTransportation.prefixRegion_volume_mono
Math115	Math115.PrefixTransportation.prefixRegion_scale_eq
Math115	Math115.PrefixTransportation.prefixRegion_volume_scale
Math115	Math115.PrefixTransportation.prefix_error_upper_containment
Math115	Math115.PrefixFloorCover.floorPrefix
Math115	Math115.PrefixFloorCover.floorGrid
Math115	Math115.PrefixFloorCover.floorPrefix_zero_axes
Math115	Math115.PrefixFloorCover.floorGrid_entry_error
Math115	Math115.PrefixFloorCover.floorGrid_nonnegative
Math115	Math115.PrefixFloorCover.marginPrefix
Math115	Math115.PrefixFloorCover.prefix_full_columns
Math115	Math115.PrefixFloorCover.prefix_full_rows
Math115	Math115.PrefixFloorCover.marginPrefix_succ
Math115	Math115.PrefixFloorCover.floorGrid_rows
Math115	Math115.PrefixFloorCover.floorGrid_columns
Math115	Math115.PrefixFloorCover.roundedTable
Math115	Math115.PrefixFloorCover.tableAnchor
Math115	Math115.PrefixFloorCover.tableReal
Math115	Math115.PrefixFloorCover.tableAnchor_cast
Math115	Math115.PrefixFloorCover.tableReal_feasible
Math115	Math115.PrefixFloorCover.tableAnchor_injective
Math115	Math115.PrefixFloorCover.floorGrid_prefix
Math115	Math115.PrefixFloorCover.roundedTable_anchor
Math115	Math115.PrefixFloorCover.interiorPrefix_mem_rounded_cell
Math115	Math115.PrefixFloorCover.lower_floor_cover
Math115	Math115.PrefixFloorCover.lower_volume_le_card
Math115	Math115.CompletionCountBound.fineCells
Math115	Math115.CompletionCountBound.normalized_fine_feasible
Math115	Math115.CompletionCountBound.upper_cell_cover
Math115	Math115.CompletionCountBound.fine_cells_volume
Math115	Math115.CompletionCountBound.fine_cells_volume_toReal
Math115	Math115.CompletionCountBound.fine_cells_volume_le_upper
Math115	Math115.CompletionCountBound.inflation
Math115	Math115.CompletionCountBound.inflation_pos
Math115	Math115.CompletionCountBound.inflation_ge_one
Math115	Math115.CompletionCountBound.inflated_margin_ge_upper
Math115	Math115.CompletionCountBound.shifted_totals_equal
Math115	Math115.CompletionCountBound.reduced_totals_equal
Math115	Math115.CompletionCountBound.upper_volume_le_inflated_lower
Math115	Math115.CompletionCountBound.fine_cells_volume_le_count
Math115	Math115.CompletionCountBound.fine_card_le
Math115	Math115.CompletionCountBound.fine_nat_card_le
Math115	Math115.CompletionAcceptance.two_mul_le_power_twelve
Math115	Math115.CompletionAcceptance.dilationFactor
Math115	Math115.CompletionAcceptance.increment
Math115	Math115.CompletionAcceptance.denominator_positive
Math115	Math115.CompletionAcceptance.dilationFactor_eq_one_add
Math115	Math115.CompletionAcceptance.increment_nonnegative
Math115	Math115.CompletionAcceptance.dilationFactor_positive
Math115	Math115.CompletionAcceptance.two_div_k_le_inverse_d
Math115	Math115.CompletionAcceptance.exponent_allowance
Math115	Math115.CompletionAcceptance.exp_four_thirds_lt_four
Math115	Math115.CompletionAcceptance.dilationFactor_pow_lt_four
Math115	Math115.CompletionAcceptance.acceptance_lower_real
Math115	Math115.CompletionAcceptance.acceptance_lower_rat
Math115	Math115.LatticeCompletionAccuracy.inflation_three_d
Math115	Math115.LatticeCompletionAccuracy.ideal_acceptance_quarter
Math115	Math115.LatticeCompletionAccuracy.originalUniform
Math115	Math115.LatticeCompletionAccuracy.fineUniform
Math115	Math115.LatticeCompletionAccuracy.completion_accuracy_half
Math115	Math115.LatticeCompletionAccuracy.completion_accuracy
Math115	Math115.LatticeCompletionAccuracy.chosen_dilation_acceptance_quarter
Math115	Math115.LatticeCompletionAccuracy.chosen_dilation_accuracy
Math115	Math115.CompletionBooleanRetry.retryWords
Math115	Math115.CompletionBooleanRetry.wordBankEquiv
Math115	Math115.CompletionBooleanRetry.flatRetry
Math115	Math115.CompletionBooleanRetry.zeroExtend
Math115	Math115.CompletionBooleanRetry.prefixInt
Math115	Math115.CompletionBooleanRetry.decodeCells
Math115	Math115.CompletionBooleanRetry.acceptedCells
Math115	Math115.CompletionBooleanRetry.acceptedCells_decidable
Math115	Math115.CompletionBooleanRetry.rawTrial
Math115	Math115.CompletionBooleanRetry.prefixInt_eq_bounded_prefix
Math115	Math115.CompletionBooleanRetry.decodeCells_eq
Math115	Math115.CompletionBooleanRetry.acceptedCells_iff
Math115	Math115.CompletionBooleanRetry.tableTrial
Math115	Math115.CompletionBooleanRetry.digitOffset
Math115	Math115.CompletionBooleanRetry.signedEncodeCells
Math115	Math115.CompletionBooleanRetry.encodeCells
Math115	Math115.CompletionBooleanRetry.digitOffset_eq
Math115	Math115.CompletionBooleanRetry.signedEncodeCells_eq
Math115	Math115.CompletionBooleanRetry.encodeCells_eq_encodeTable_value
Math115	Math115.CompletionBooleanRetry.tableTrial_eq
Math115	Math115.CompletionBooleanRetry.rawTrial_eq_tableTrial_value
Math115	Math115.CompletionBooleanRetry.retryWords_eq_wordRetry
Math115	Math115.CompletionBooleanRetry.retryWords_law
Math115	Math115.CompletionBooleanRetry.flatRetry_law
Math115	Math115.CompletionBooleanRetry.completion_flat_law
Math115	Math115.LatticeCompletionProgram.rowPrefix
Math115	Math115.LatticeCompletionProgram.rowPrefixRealizer
Math115	Math115.LatticeCompletionProgram.polynomial_rowPrefix
Math115	Math115.LatticeCompletionProgram.prefixNat
Math115	Math115.LatticeCompletionProgram.prefixRealizer
Math115	Math115.LatticeCompletionProgram.polynomial_prefix
Math115	Math115.LatticeCompletionProgram.CellInput
Math115	Math115.LatticeCompletionProgram.floorPrefix
Math115	Math115.LatticeCompletionProgram.floorPrefixRealizer
Math115	Math115.LatticeCompletionProgram.polynomial_floorPrefix
Math115	Math115.LatticeCompletionProgram.cellTotals
Math115	Math115.LatticeCompletionProgram.cellTotalsRealizer
Math115	Math115.LatticeCompletionProgram.polynomial_cellTotals
Math115	Math115.LatticeCompletionProgram.cell
Math115	Math115.LatticeCompletionProgram.cellRealizer
Math115	Math115.LatticeCompletionProgram.polynomial_cell
Math115	Math115.LatticeCompletionProgram.indices
Math115	Math115.LatticeCompletionProgram.indicesRealizer
Math115	Math115.LatticeCompletionProgram.polynomial_indices
Math115	Math115.LatticeCompletionProgram.rowCells
Math115	Math115.LatticeCompletionProgram.rowCellsRealizer
Math115	Math115.LatticeCompletionProgram.polynomial_rowCells
Math115	Math115.LatticeCompletionProgram.cells
Math115	Math115.LatticeCompletionProgram.cellsRealizer
Math115	Math115.LatticeCompletionProgram.polynomial_cells
Math115	Math115.LatticeCompletionProgram.accepted
Math115	Math115.LatticeCompletionProgram.acceptedRealizer
Math115	Math115.LatticeCompletionProgram.polynomial_accepted
Math115	Math115.LatticeCompletionProgram.values
Math115	Math115.LatticeCompletionProgram.valuesRealizer
Math115	Math115.LatticeCompletionProgram.polynomial_values
Math115	Math115.LatticeCompletionProgram.finish
Math115	Math115.LatticeCompletionProgram.finishRealizer
Math115	Math115.LatticeCompletionProgram.polynomial_finish
Math115	Math115.LatticeCompletionProgram.decode
Math115	Math115.LatticeCompletionProgram.decodeRealizer
Math115	Math115.LatticeCompletionProgram.polynomial_decode
Math115	Math115.LatticeCompletionProgram.sum_take_getD
Math115	Math115.LatticeCompletionProgram.prefix_range
Math115	Math115.LatticeCompletionProgram.matrixEntry_code_zero
Math115	Math115.LatticeCompletionProgram.prefix_code
Math115	Math115.LatticeCompletionProgram.floorPrefix_code
Math115	Math115.LatticeCompletionProgram.cellTotals_code
Math115	Math115.LatticeCompletionProgram.cell_code
Math115	Math115.LatticeCompletionProgram.map_range_ofFn
Math115	Math115.LatticeCompletionProgram.rowCells_code
Math115	Math115.LatticeCompletionProgram.cells_code
Math115	Math115.LatticeCompletionProgram.all_ofFn
Math115	Math115.LatticeCompletionProgram.accepted_code
Math115	Math115.LatticeCompletionProgram.values_code
Math115	Math115.LatticeCompletionProgram.decode_code
Math115	Math115.LatticeCompletionProgram.decode_fineTable
Math115	Math115.CompletionOuterSchedule.successFactor
Math115	Math115.CompletionOuterSchedule.gapFactor
Math115	Math115.CompletionOuterSchedule.restartCount
Math115	Math115.CompletionOuterSchedule.mixExponent
Math115	Math115.CompletionOuterSchedule.walkCount
Math115	Math115.CompletionOuterSchedule.terminalPrecision
Math115	Math115.CompletionOuterSchedule.stepPrecision
Math115	Math115.CompletionOuterSchedule.successFactor_positive
Math115	Math115.CompletionOuterSchedule.restartCount_positive
Math115	Math115.CompletionOuterSchedule.gapFactor_positive
Math115	Math115.CompletionOuterSchedule.walkCount_positive
Math115	Math115.CompletionOuterSchedule.dyadic_real
Math115	Math115.CompletionOuterSchedule.exp_neg_nat_le_dyadic
Math115	Math115.CompletionOuterSchedule.dyadic_charge
Math115	Math115.CompletionOuterSchedule.natural_charge_bound
Math115	Math115.CompletionOuterSchedule.mass_charge_bound
Math115	Math115.CompletionOuterSchedule.restart_error_bound
Math115	Math115.CompletionOuterSchedule.walk_error_bound
Math115	Math115.CompletionOuterSchedule.terminal_error_bound
Math115	Math115.CompletionOuterSchedule.step_error_bound
Math115	Math115.CompletionOuterSchedule.arithmetic_schedule_half
Math115	Math115.CompletionOuterSchedule.arithmetic_schedule
Math115	Math115.CompletionOuterSchedule.physicalSmallCount
Math115	Math115.CompletionOuterSchedule.physicalMassBase
Math115	Math115.CompletionRandomBudget.binarySize
Math115	Math115.CompletionRandomBudget.combinedSize
Math115	Math115.CompletionRandomBudget.fineMarginBound
Math115	Math115.CompletionRandomBudget.fineBinaryBound
Math115	Math115.CompletionRandomBudget.proposalReservation
Math115	Math115.CompletionRandomBudget.completionReservation
Math115	Math115.CompletionRandomBudget.totalReservedBits
Math115	Math115.CompletionRandomBudget.budgetCoefficient
Math115	Math115.CompletionRandomBudget.clog_two_le_self
Math115	Math115.CompletionRandomBudget.clog_product_bound
Math115	Math115.CompletionRandomBudget.clog_power_bound
Math115	Math115.CompletionRandomBudget.binarySize_positive
Math115	Math115.CompletionRandomBudget.combinedSize_at_least_fifteen
Math115	Math115.CompletionRandomBudget.restart_polynomial
Math115	Math115.CompletionRandomBudget.restart_log_bound
Math115	Math115.CompletionRandomBudget.mass_base_log_bound
Math115	Math115.CompletionRandomBudget.fineBinary_log_bound
Math115	Math115.CompletionRandomBudget.mix_polynomial
Math115	Math115.CompletionRandomBudget.walk_polynomial
Math115	Math115.CompletionRandomBudget.walk_log_bound
Math115	Math115.CompletionRandomBudget.step_precision_polynomial
Math115	Math115.CompletionRandomBudget.terminal_precision_polynomial
Math115	Math115.CompletionRandomBudget.finePrecision_upper
Math115	Math115.CompletionRandomBudget.finePrecision_polynomial
Math115	Math115.CompletionRandomBudget.completion_product_factor
Math115	Math115.CompletionRandomBudget.completion_reservation_polynomial
Math115	Math115.CompletionRandomBudget.proposal_log_bound
Math115	Math115.CompletionRandomBudget.reservation_le_three
Math115	Math115.CompletionRandomBudget.reservation_product_factor
Math115	Math115.CompletionRandomBudget.combined_product_factor
Math115	Math115.CompletionRandomBudget.totalReservedBits_separated
Math115	Math115.CompletionRandomBudget.totalReservedBits_combined
Math115	Math115.CompletionEncodingSize.Margins
Math115	Math115.CompletionEncodingSize.WordInput
Math115	Math115.CompletionEncodingSize.dimension
Math115	Math115.CompletionEncodingSize.massTotal
Math115	Math115.CompletionEncodingSize.measure
Math115	Math115.CompletionEncodingSize.bankCoefficient
Math115	Math115.CompletionEncodingSize.inputEnvelope
Math115	Math115.CompletionEncodingSize.pow_two_add_le
Math115	Math115.CompletionEncodingSize.nat_succ_le_pow_weight
Math115	Math115.CompletionEncodingSize.sum_add_two_le_pow_weight
Math115	Math115.CompletionEncodingSize.clog_sum_add_two_le_weight
Math115	Math115.CompletionEncodingSize.margin_weight_at_least_three
Math115	Math115.CompletionEncodingSize.measure_at_least_six
Math115	Math115.CompletionEncodingSize.dimension_at_least_eleven
Math115	Math115.CompletionEncodingSize.dimension_le_weight_square
Math115	Math115.CompletionEncodingSize.binary_mass_le_weight
Math115	Math115.CompletionEncodingSize.combinedSize_le_twice_measure_square
Math115	Math115.CompletionEncodingSize.bank_bound
Math115	Math115.CompletionEncodingSize.input_weight_bound
Math115	Math115.CompletionEncodingSize.reserved_program_work
Math115	Math115.CompletionEncodingSize.weight_nat_list_le_word_length
Math115	Math115.CompletionEncodingSize.margin_weight_le_literal_length
Math115	Math115.CompletionEncodingSize.measure_le_literal_length_numeric
Math115	Math115.CompletionEncodingSize.dimension_ofFn
Math115	Math115.CompletionEncodingSize.massTotal_ofFn
Math115	Math115.CompletionPublicSize.bankCoefficient
Math115	Math115.CompletionPublicSize.wordMeasureCoefficient
Math115	Math115.CompletionPublicSize.clog_mass_add_two_le
Math115	Math115.CompletionPublicSize.samplingSize_at_least_two
Math115	Math115.CompletionPublicSize.combinedSize_public_bound
Math115	Math115.CompletionPublicSize.reservation_public_bound
Math115	Math115.CompletionPublicSize.literal_input_and_bank_public_bound
Math115	Math115.DenseLatticeCompletion.dilation_positive
Math115	Math115.DenseLatticeCompletion.denseRows
Math115	Math115.DenseLatticeCompletion.denseColumns
Math115	Math115.DenseLatticeCompletion.fineOptionEquiv
Math115	Math115.DenseLatticeCompletion.optionMargin_code
Math115	Math115.DenseLatticeCompletion.fineOption_tableOutput
Math115	Math115.DenseLatticeCompletion.denseRows_minimum
Math115	Math115.DenseLatticeCompletion.denseColumns_minimum
Math115	Math115.DenseLatticeCompletion.dense_totals
Math115	Math115.DenseLatticeCompletion.fineBits
Math115	Math115.DenseLatticeCompletion.fineBits_pos
Math115	Math115.DenseLatticeCompletion.fineDraw
Math115	Math115.DenseLatticeCompletion.fineDraw_canonicalCode
Math115	Math115.DenseLatticeCompletion.fineDraw_matrixCode
Math115	Math115.DenseLatticeCompletion.fineLaw
Math115	Math115.DenseLatticeCompletion.dyadic_cast
Math115	Math115.DenseLatticeCompletion.fineLaw_variation
Math115	Math115.DenseLatticeCompletion.fineBits_polynomial
Math115	Math115.DenseLatticeCompletion.completionLaw
Math115	Math115.DenseLatticeCompletion.completionLaw_variation
Math115	Math115.DenseLatticeCompletion.completionBits
Math115	Math115.DenseLatticeCompletion.completionBits_bound
Math115	Math115.DenseLatticeCompletion.completionDraw
Math115	Math115.DenseLatticeCompletion.completionDraw_law
Math115	Math115.DenseLatticeCompletion.completionDraw_variation
Math115	Math115.DenseLatticeCompletionProvedInputs.fineLaw_variation
Math115	Math115.DenseLatticeCompletionProvedInputs.completionLaw_variation
Math115	Math115.DenseLatticeCompletionProvedInputs.completionDraw_variation
Math115	Math115.PhysicalLatticeCompletion.RowTail
Math115	Math115.PhysicalLatticeCompletion.ColumnTail
Math115	Math115.PhysicalLatticeCompletion.rowFree
Math115	Math115.PhysicalLatticeCompletion.columnFree
Math115	Math115.PhysicalLatticeCompletion.rowIndex
Math115	Math115.PhysicalLatticeCompletion.columnIndex
Math115	Math115.PhysicalLatticeCompletion.finiteRows
Math115	Math115.PhysicalLatticeCompletion.finiteColumns
Math115	Math115.PhysicalLatticeCompletion.finiteReferenceEquiv
Math115	Math115.PhysicalLatticeCompletion.finite_totals
Math115	Math115.PhysicalLatticeCompletion.row_count_eq
Math115	Math115.PhysicalLatticeCompletion.column_count_eq
Math115	Math115.PhysicalLatticeCompletion.finite_row_lower
Math115	Math115.PhysicalLatticeCompletion.finite_column_lower
Math115	Math115.PhysicalLatticeCompletion.finite_dimensions
Math115	Math115.PhysicalLatticeCompletion.finite_free_dimension
Math115	Math115.PhysicalLatticeCompletion.dimension_fourteen
Math115	Math115.PhysicalLatticeCompletion.finite_row_upper
Math115	Math115.PhysicalLatticeCompletion.finiteFallback
Math115	Math115.PhysicalLatticeCompletion.FineOracleFamily
Math115	Math115.PhysicalLatticeCompletion.latticeOracle
Math115	Math115.PhysicalLatticeCompletion.latticeOracle_accuracy
Math115	Math115.PhysicalLatticeCompletion.lattice_selected_step_accuracy
Math115	Math115.PhysicalLatticeCompletion.lattice_selected_terminal_accuracy
Math115	Math115.PhysicalLatticeCompletion.denseFineOracle
Math115	Math115.PhysicalLatticeCompletion.denseOracle
Math115	Math115.PhysicalLatticeCompletion.denseOracle_accuracy
Math115	Math115.PhysicalLatticeCompletion.dense_selected_step_accuracy
Math115	Math115.PhysicalLatticeCompletion.dense_selected_terminal_accuracy
Math115	Math115.PhysicalLatticeCompletion.denseOuterLaw
Math115	Math115.PhysicalLatticeCompletion.denseOuterLaw_variation
Math115	Math115.PhysicalLatticeCompletion.fineRowBound
Math115	Math115.PhysicalLatticeCompletion.fineBinaryLength
Math115	Math115.PhysicalLatticeCompletion.reservedFineBits
Math115	Math115.PhysicalLatticeCompletion.reservedCompletionBits
Math115	Math115.PhysicalLatticeCompletion.dense_fine_row_upper
Math115	Math115.PhysicalLatticeCompletion.fineBits_le_reserved
Math115	Math115.PhysicalLatticeCompletion.completionBits_le_reserved
Math115.QuadraticCoefficient	Math115.pair_product_le_quarter_square
Math115.QuadraticCoefficient	Math115.pair_product_eq_quarter_square_iff
Math115.GlobalDisplayOwnership	Math115.GlobalDisplayOwnership.edge_owner_unique
Math115.GlobalDisplayOwnership	Math115.GlobalDisplayOwnership.edge_prefix_unique
Math115.RepairCoefficient	Math115.min_mass_repair_bound
Math115.RepairCoefficient	Math115.min_mass_quarter_repair_bound
