name	axioms
Math115.PhysicalReferenceBoolean.stepBits	propext,Classical.choice,Quot.sound
Math115.PhysicalReferenceBoolean.attemptBits	propext,Classical.choice,Quot.sound
Math115.PhysicalReferenceBoolean.outerBits	propext,Classical.choice,Quot.sound
Math115.PhysicalReferenceBoolean.bitStep	propext,Classical.choice,Quot.sound
Math115.PhysicalReferenceBoolean.bitStep_law	propext,Classical.choice,Quot.sound
Math115.PhysicalReferenceBoolean.flatWalk	propext,Classical.choice,Quot.sound
Math115.PhysicalReferenceBoolean.flatWalk_law	propext,Classical.choice,Quot.sound
Math115.PhysicalReferenceBoolean.terminalLaw_eq	propext,Classical.choice,Quot.sound
Math115.PhysicalReferenceBoolean.jointDraw	propext,Classical.choice,Quot.sound
Math115.PhysicalReferenceBoolean.jointDraw_law	propext,Classical.choice,Quot.sound
Math115.PhysicalReferenceBoolean.outerDraw	propext,Classical.choice,Quot.sound
Math115.PhysicalReferenceBoolean.outerDraw_law	propext,Classical.choice,Quot.sound
Math115.PhysicalReferenceBoolean.initializedDraw	propext,Classical.choice,Quot.sound
Math115.PhysicalReferenceBoolean.initializedDraw_law	propext,Classical.choice,Quot.sound
Math115.PhysicalReferenceBoolean.initializedDraw_variation	propext,Classical.choice,Quot.sound
Math115.PhysicalReferenceBoolean.initializedDraw_explicit_accuracy	propext,Classical.choice,Quot.sound
Math115.LatticeScheduleProgram.Margins	
Math115.LatticeScheduleProgram.ScheduleInput	
Math115.LatticeScheduleProgram.ScheduleOutput	
Math115.LatticeScheduleProgram.fixedPowerRealizer	propext,Classical.choice,Quot.sound
Math115.LatticeScheduleProgram.polynomial_fixedPower	propext,Classical.choice,Quot.sound
Math115.LatticeScheduleProgram.addGet	propext,Classical.choice,Quot.sound
Math115.LatticeScheduleProgram.polynomial_addGet	propext,Classical.choice,Quot.sound
Math115.LatticeScheduleProgram.mulGet	propext,Classical.choice,Quot.sound
Math115.LatticeScheduleProgram.polynomial_mulGet	propext,Classical.choice,Quot.sound
Math115.LatticeScheduleProgram.powerGet	propext,Classical.choice,Quot.sound
Math115.LatticeScheduleProgram.polynomial_powerGet	propext,Classical.choice,Quot.sound
Math115.LatticeScheduleProgram.logGet	propext,Classical.choice,Quot.sound
Math115.LatticeScheduleProgram.polynomial_logGet	propext,Classical.choice,Quot.sound
Math115.LatticeScheduleProgram.target	
Math115.LatticeScheduleProgram.targetRealizer	propext,Classical.choice,Quot.sound
Math115.LatticeScheduleProgram.polynomial_target	propext,Classical.choice,Quot.sound
Math115.LatticeScheduleProgram.dimension	
Math115.LatticeScheduleProgram.dimensionRealizer	propext,Classical.choice,Quot.sound
Math115.LatticeScheduleProgram.polynomial_dimension	propext,Classical.choice,Quot.sound
Math115.LatticeScheduleProgram.cutoff	propext
Math115.LatticeScheduleProgram.cutoffRealizer	propext,Classical.choice,Quot.sound
Math115.LatticeScheduleProgram.polynomial_cutoff	propext,Classical.choice,Quot.sound
Math115.LatticeScheduleProgram.smallCount	propext
Math115.LatticeScheduleProgram.smallCountRealizer	propext,Classical.choice,Quot.sound
Math115.LatticeScheduleProgram.polynomial_smallCount	propext,Classical.choice,Quot.sound
Math115.LatticeScheduleProgram.massTotal	propext
Math115.LatticeScheduleProgram.massTotalRealizer	propext,Classical.choice,Quot.sound
Math115.LatticeScheduleProgram.polynomial_massTotal	propext,Classical.choice,Quot.sound
Math115.LatticeScheduleProgram.padding	
Math115.LatticeScheduleProgram.paddingRealizer	propext,Classical.choice,Quot.sound
Math115.LatticeScheduleProgram.polynomial_padding	propext,Classical.choice,Quot.sound
Math115.LatticeScheduleProgram.massBase	propext
Math115.LatticeScheduleProgram.massBaseRealizer	propext,Classical.choice,Quot.sound
Math115.LatticeScheduleProgram.polynomial_massBase	propext,Classical.choice,Quot.sound
Math115.LatticeScheduleProgram.restarts	propext
Math115.LatticeScheduleProgram.restartsRealizer	propext,Classical.choice,Quot.sound
Math115.LatticeScheduleProgram.polynomial_restarts	propext,Classical.choice,Quot.sound
Math115.LatticeScheduleProgram.mixBudget	propext
Math115.LatticeScheduleProgram.mixBudgetRealizer	propext,Classical.choice,Quot.sound
Math115.LatticeScheduleProgram.polynomial_mixBudget	propext,Classical.choice,Quot.sound
Math115.LatticeScheduleProgram.walkSteps	propext
Math115.LatticeScheduleProgram.walkStepsRealizer	propext,Classical.choice,Quot.sound
Math115.LatticeScheduleProgram.polynomial_walkSteps	propext,Classical.choice,Quot.sound
Math115.LatticeScheduleProgram.terminalPrecision	propext
Math115.LatticeScheduleProgram.terminalPrecisionRealizer	propext,Classical.choice,Quot.sound
Math115.LatticeScheduleProgram.polynomial_terminalPrecision	propext,Classical.choice,Quot.sound
Math115.LatticeScheduleProgram.stepPrecision	propext
Math115.LatticeScheduleProgram.stepPrecisionRealizer	propext,Classical.choice,Quot.sound
Math115.LatticeScheduleProgram.polynomial_stepPrecision	propext,Classical.choice,Quot.sound
Math115.LatticeScheduleProgram.proposalBits	propext
Math115.LatticeScheduleProgram.proposalBitsRealizer	propext,Classical.choice,Quot.sound
Math115.LatticeScheduleProgram.polynomial_proposalBits	propext,Classical.choice,Quot.sound
Math115.LatticeScheduleProgram.fineMarginMax	propext
Math115.LatticeScheduleProgram.fineMarginMaxRealizer	propext,Classical.choice,Quot.sound
Math115.LatticeScheduleProgram.polynomial_fineMarginMax	propext,Classical.choice,Quot.sound
Math115.LatticeScheduleProgram.fineBinaryBits	propext
Math115.LatticeScheduleProgram.fineBinaryBitsRealizer	propext,Classical.choice,Quot.sound
Math115.LatticeScheduleProgram.polynomial_fineBinaryBits	propext,Classical.choice,Quot.sound
Math115.LatticeScheduleProgram.finePrecisionGet	propext,Classical.choice,Quot.sound
Math115.LatticeScheduleProgram.polynomial_finePrecisionGet	propext,Classical.choice,Quot.sound
Math115.LatticeScheduleProgram.completionBitsFor	propext
Math115.LatticeScheduleProgram.completionBitsForRealizer	propext,Classical.choice,Quot.sound
Math115.LatticeScheduleProgram.polynomial_completionBitsFor	propext,Classical.choice,Quot.sound
Math115.LatticeScheduleProgram.stepCompletionBits	propext
Math115.LatticeScheduleProgram.stepCompletionBitsRealizer	propext,Classical.choice,Quot.sound
Math115.LatticeScheduleProgram.polynomial_stepCompletionBits	propext,Classical.choice,Quot.sound
Math115.LatticeScheduleProgram.terminalCompletionBits	propext
Math115.LatticeScheduleProgram.terminalCompletionBitsRealizer	propext,Classical.choice,Quot.sound
Math115.LatticeScheduleProgram.polynomial_terminalCompletionBits	propext,Classical.choice,Quot.sound
Math115.LatticeScheduleProgram.stepSchedule	propext
Math115.LatticeScheduleProgram.stepScheduleRealizer	propext,Classical.choice,Quot.sound
Math115.LatticeScheduleProgram.polynomial_stepSchedule	propext,Classical.choice,Quot.sound
Math115.LatticeScheduleProgram.terminalSchedule	propext
Math115.LatticeScheduleProgram.terminalScheduleRealizer	propext,Classical.choice,Quot.sound
Math115.LatticeScheduleProgram.polynomial_terminalSchedule	propext,Classical.choice,Quot.sound
Math115.LatticeScheduleProgram.schedule	propext
Math115.LatticeScheduleProgram.scheduleRealizer	propext,Classical.choice,Quot.sound
Math115.LatticeScheduleProgram.polynomial_schedule	propext,Classical.choice,Quot.sound
Math115.LatticeScheduleProgram.attemptBits	propext
Math115.LatticeScheduleProgram.attemptBitsRealizer	propext,Classical.choice,Quot.sound
Math115.LatticeScheduleProgram.polynomial_attemptBits	propext,Classical.choice,Quot.sound
Math115.LatticeScheduleProgram.totalBits	propext
Math115.LatticeScheduleProgram.totalBitsRealizer	propext,Classical.choice,Quot.sound
Math115.LatticeScheduleProgram.polynomial_totalBits	propext,Classical.choice,Quot.sound
Math115.LatticeScheduleProgram.totalBits_eq_totalReservedBits	propext
Math115.LatticeScheduleProgram.dimension_ofFn	propext,Classical.choice,Quot.sound
Math115.LatticeScheduleProgram.cutoff_ofFn	propext,Classical.choice,Quot.sound
Math115.LatticeScheduleProgram.padding_ofFn	propext,Classical.choice,Quot.sound
Math115.LatticeScheduleProgram.massTotal_ofFn	propext,Classical.choice,Quot.sound
Math115.LatticeScheduleProgram.smallCount_ofFn	propext,Classical.choice,Quot.sound
Math115.LatticeScheduleProgram.massBase_ofFn	propext,Classical.choice,Quot.sound
Math115.LatticeScheduleProgram.restarts_ofFn	propext,Classical.choice,Quot.sound
Math115.LatticeScheduleProgram.mixBudget_ofFn	propext,Classical.choice,Quot.sound
Math115.LatticeScheduleProgram.walkSteps_ofFn	propext,Classical.choice,Quot.sound
Math115.LatticeScheduleProgram.terminalPrecision_ofFn	propext,Classical.choice,Quot.sound
Math115.LatticeScheduleProgram.stepPrecision_ofFn	propext,Classical.choice,Quot.sound
Math115.LatticeScheduleProgram.proposalBits_ofFn	propext,Classical.choice,Quot.sound
Math115.LatticeScheduleProgram.stepCompletionBits_ofFn	propext,Classical.choice,Quot.sound
Math115.LatticeScheduleProgram.terminalCompletionBits_ofFn	propext,Classical.choice,Quot.sound
Math115.LatticeScheduleProgram.stepSchedule_ofFn	propext,Classical.choice,Quot.sound
Math115.LatticeScheduleProgram.terminalSchedule_ofFn	propext,Classical.choice,Quot.sound
Math115.LatticeScheduleProgram.schedule_ofFn	propext,Classical.choice,Quot.sound
Math115.LatticeScheduleProgram.attemptBits_ofFn	propext,Classical.choice,Quot.sound
Math115.LatticeScheduleProgram.totalBits_ofFn	propext,Classical.choice,Quot.sound
Math115.LatticeScheduleProgram.totalBits_ofFn_budget	propext,Classical.choice,Quot.sound
Math115.PhysicalBooleanSampler.bothLarge	propext,Classical.choice,Quot.sound
Math115.PhysicalBooleanSampler.not_bothLarge_reference	propext,Classical.choice,Quot.sound
Math115.PhysicalBooleanSampler.unitBitStep	propext,Classical.choice,Quot.sound
Math115.PhysicalBooleanSampler.unitBitStep_law	propext,Classical.choice,Quot.sound
Math115.PhysicalBooleanSampler.flatUnitWalk	propext,Classical.choice,Quot.sound
Math115.PhysicalBooleanSampler.flatUnitWalk_law	propext,Classical.choice,Quot.sound
Math115.PhysicalBooleanSampler.unitJointDraw	propext,Classical.choice,Quot.sound
Math115.PhysicalBooleanSampler.unitJointDraw_law	propext,Classical.choice,Quot.sound
Math115.PhysicalBooleanSampler.unitOuterDraw	propext,Classical.choice,Quot.sound
Math115.PhysicalBooleanSampler.unitOuterDraw_law	propext,Classical.choice,Quot.sound
Math115.PhysicalBooleanSampler.draw	propext,Classical.choice,Quot.sound
Math115.PhysicalBooleanSampler.draw_variation	propext,Classical.choice,Quot.sound
Math115.PhysicalBooleanSampler.draw_explicit_accuracy	propext,Classical.choice,Quot.sound
